{"cameraMode":{"drawMode":0,"name":"Shaded","section":"Shading Mode"},"sceneLighting":true,"audioPlay":false,"sceneViewState":{"showFog":true,"showMaterialUpdate":false,"showSkybox":true,"showFlares":true,"showImageEffects":true,"showParticleSystems":true},"in2DMode":false,"pivot":{"x":-1.0092201232910157,"y":5.500085830688477,"z":8.69298267364502},"rotation":{"x":-0.15043528378009797,"y":-0.5818799138069153,"z":0.11058566719293595,"w":-0.7915557026863098},"size":9.35085678100586,"orthographic":false}